﻿"구분별(1)",구분별(2),2022,2022
"구분별(1)",구분별(2),반려동물 유무,반려동물 유무
"구분별(1)",구분별(2),있다,없다
"지역소분류",종로구,33.9,66.1
"지역소분류",중구,14.7,85.3
"지역소분류",용산구,17.1,82.9
"지역소분류",성동구,19.1,80.9
"지역소분류",광진구,21.4,78.6
"지역소분류",동대문구,19.7,80.3
"지역소분류",중랑구,30.1,69.9
"지역소분류",성북구,20.2,79.8
"지역소분류",강북구,21.1,78.9
"지역소분류",도봉구,19.4,80.6
"지역소분류",노원구,28.4,71.6
"지역소분류",은평구,18.1,81.9
"지역소분류",서대문구,20.2,79.8
"지역소분류",마포구,23.6,76.4
"지역소분류",양천구,15.2,84.8
"지역소분류",강서구,17.1,82.9
"지역소분류",구로구,17.3,82.7
"지역소분류",금천구,13.5,86.5
"지역소분류",영등포구,18.4,81.6
"지역소분류",동작구,21.2,78.8
"지역소분류",관악구,22.3,77.7
"지역소분류",서초구,22.3,77.7
"지역소분류",강남구,44.1,55.9
"지역소분류",송파구,22.6,77.4
"지역소분류",강동구,25.6,74.4
